path,name,class
O,1.png,O
O,2.png,O
O,3.png,O
O,4.png,O
O,5.png,O
O,6.png,O
O,7.png,O
O,8.png,O
O,9.png,O
O,10.png,O
O,11.png,O
O,12.png,O
O,13.png,O
O,14.png,O
O,15.png,O
O,16.png,O
O,17.png,O
O,18.png,O
O,19.png,O
O,20.png,O
O,21.png,O
O,22.png,O
O,23.png,O
O,24.png,O
O,25.png,O
O,26.png,O
O,27.png,O
O,28.png,O
O,29.png,O
O,30.png,O
O,31.png,O
O,32.png,O
O,33.png,O
O,34.png,O
O,35.png,O
O,36.png,O
O,37.png,O
O,38.png,O
O,39.png,O
O,40.png,O
O,41.png,O
O,42.png,O
O,43.png,O
O,44.png,O
O,45.png,O
O,46.png,O
O,47.png,O
O,48.png,O
O,49.png,O
O,50.png,O
O,51.png,O
O,52.png,O
O,53.png,O
O,54.png,O
O,55.png,O
O,56.png,O
O,57.png,O
O,58.png,O
O,59.png,O
O,60.png,O
O,61.png,O
O,62.png,O
O,63.png,O
O,64.png,O
O,65.png,O
O,66.png,O
O,67.png,O
O,68.png,O
O,69.png,O
O,70.png,O
O,71.png,O
O,72.png,O
O,73.png,O
O,74.png,O
O,75.png,O
O,76.png,O
O,77.png,O
O,78.png,O
O,79.png,O
O,80.png,O
O,81.png,O
O,82.png,O
O,83.png,O
O,84.png,O
O,85.png,O
O,86.png,O
O,87.png,O
O,88.png,O
O,89.png,O
O,90.png,O
O,91.png,O
O,92.png,O
O,93.png,O
O,94.png,O
O,95.png,O
O,96.png,O
O,97.png,O
O,98.png,O
O,99.png,O
O,100.png,O
O,101.png,O
O,102.png,O
O,103.png,O
O,104.png,O
O,105.png,O
O,106.png,O
O,107.png,O
O,108.png,O
O,109.png,O
O,110.png,O
O,111.png,O
O,112.png,O
O,113.png,O
O,114.png,O
O,115.png,O
O,116.png,O
O,117.png,O
O,118.png,O
O,119.png,O
O,120.png,O
O,121.png,O
O,122.png,O
O,123.png,O
O,124.png,O
O,125.png,O
O,126.png,O
O,127.png,O
O,128.png,O
O,129.png,O
O,130.png,O
O,131.png,O
O,132.png,O
O,133.png,O
O,134.png,O
O,135.png,O
O,136.png,O
O,137.png,O
O,138.png,O
O,139.png,O
O,140.png,O
O,141.png,O
O,142.png,O
O,143.png,O
O,144.png,O
O,145.png,O
O,146.png,O
O,147.png,O
O,148.png,O
O,149.png,O
O,150.png,O
O,151.png,O
O,152.png,O
O,153.png,O
O,154.png,O
O,155.png,O
O,156.png,O
O,157.png,O
O,158.png,O
O,159.png,O
O,160.png,O
O,161.png,O
O,162.png,O
O,163.png,O
O,164.png,O
O,165.png,O
O,166.png,O
O,167.png,O
O,168.png,O
O,169.png,O
O,170.png,O
O,171.png,O
O,172.png,O
O,173.png,O
O,174.png,O
O,175.png,O
O,176.png,O
O,177.png,O
O,178.png,O
O,179.png,O
O,180.png,O
O,181.png,O
O,182.png,O
O,183.png,O
O,184.png,O
O,185.png,O
O,186.png,O
O,187.png,O
O,188.png,O
O,189.png,O
O,190.png,O
O,191.png,O
O,192.png,O
O,193.png,O
O,194.png,O
O,195.png,O
O,196.png,O
O,197.png,O
O,198.png,O
O,199.png,O
O,200.png,O
O,201.png,O
O,202.png,O
O,203.png,O
O,204.png,O
O,205.png,O
O,206.png,O
O,207.png,O
O,208.png,O
O,209.png,O
O,210.png,O
O,211.png,O
O,212.png,O
O,213.png,O
O,214.png,O
O,215.png,O
O,216.png,O
O,217.png,O
O,218.png,O
O,219.png,O
O,220.png,O
O,221.png,O
O,222.png,O
O,223.png,O
O,224.png,O
O,225.png,O
O,226.png,O
O,227.png,O
O,228.png,O
O,229.png,O
O,230.png,O
O,231.png,O
O,232.png,O
O,233.png,O
O,234.png,O
O,235.png,O
O,236.png,O
O,237.png,O
O,238.png,O
O,239.png,O
O,240.png,O
O,241.png,O
O,242.png,O
O,243.png,O
O,244.png,O
O,245.png,O
O,246.png,O
O,247.png,O
O,248.png,O
O,249.png,O
O,250.png,O
O,251.png,O
O,252.png,O
O,253.png,O
O,254.png,O
O,255.png,O
O,256.png,O
O,257.png,O
O,258.png,O
O,259.png,O
O,260.png,O
O,261.png,O
O,262.png,O
O,263.png,O
O,264.png,O
O,265.png,O
O,266.png,O
O,267.png,O
O,268.png,O
O,269.png,O
O,270.png,O
O,271.png,O
O,272.png,O
O,273.png,O
O,274.png,O
O,275.png,O
O,276.png,O
O,277.png,O
O,278.png,O
O,279.png,O
O,280.png,O
O,281.png,O
O,282.png,O
O,283.png,O
O,284.png,O
O,285.png,O
O,286.png,O
O,287.png,O
O,288.png,O
O,289.png,O
O,290.png,O
O,291.png,O
O,292.png,O
O,293.png,O
O,294.png,O
O,295.png,O
O,296.png,O
O,297.png,O
O,298.png,O
O,299.png,O
O,300.png,O
O,301.png,O
O,302.png,O
O,303.png,O
O,304.png,O
O,305.png,O
O,306.png,O
O,307.png,O
O,308.png,O
O,309.png,O
O,310.png,O
O,311.png,O
O,312.png,O
O,313.png,O
O,314.png,O
O,315.png,O
O,316.png,O
O,317.png,O
O,318.png,O
O,319.png,O
O,320.png,O
O,321.png,O
O,322.png,O
O,323.png,O
O,324.png,O
O,325.png,O
O,326.png,O
O,327.png,O
O,328.png,O
O,329.png,O
O,330.png,O
O,331.png,O
O,332.png,O
O,333.png,O
O,334.png,O
O,335.png,O
O,336.png,O
O,337.png,O
O,338.png,O
O,339.png,O
O,340.png,O
O,341.png,O
O,342.png,O
O,343.png,O
O,344.png,O
O,345.png,O
O,346.png,O
O,347.png,O
O,348.png,O
O,349.png,O
O,350.png,O
O,351.png,O
O,352.png,O
O,353.png,O
O,354.png,O
O,355.png,O
O,356.png,O
O,357.png,O
O,358.png,O
O,359.png,O
O,360.png,O
O,361.png,O
O,362.png,O
O,363.png,O
O,364.png,O
O,365.png,O
O,366.png,O
O,367.png,O
O,368.png,O
O,369.png,O
O,370.png,O
O,371.png,O
O,372.png,O
O,373.png,O
O,374.png,O
O,375.png,O
O,376.png,O
O,377.png,O
O,378.png,O
O,379.png,O
O,380.png,O
O,381.png,O
O,382.png,O
O,383.png,O
O,384.png,O
O,385.png,O
O,386.png,O
O,387.png,O
O,388.png,O
O,389.png,O
O,390.png,O
O,391.png,O
O,392.png,O
O,393.png,O
O,394.png,O
O,395.png,O
O,396.png,O
O,397.png,O
O,398.png,O
O,399.png,O
O,400.png,O
O,401.png,O
O,402.png,O
O,403.png,O
O,404.png,O
O,405.png,O
O,406.png,O
O,407.png,O
O,408.png,O
O,409.png,O
O,410.png,O
O,411.png,O
O,412.png,O
O,413.png,O
O,414.png,O
O,415.png,O
O,416.png,O
O,417.png,O
O,418.png,O
O,419.png,O
O,420.png,O
O,421.png,O
O,422.png,O
O,423.png,O
O,424.png,O
O,425.png,O
O,426.png,O
O,427.png,O
O,428.png,O
O,429.png,O
O,430.png,O
O,431.png,O
O,432.png,O
O,433.png,O
O,434.png,O
O,435.png,O
O,436.png,O
O,437.png,O
O,438.png,O
O,439.png,O
O,440.png,O
O,441.png,O
O,442.png,O
O,443.png,O
O,444.png,O
O,445.png,O
O,446.png,O
O,447.png,O
O,448.png,O
O,449.png,O
O,450.png,O
O,451.png,O
O,452.png,O
O,453.png,O
O,454.png,O
O,455.png,O
O,456.png,O
O,457.png,O
O,458.png,O
O,459.png,O
O,460.png,O
O,461.png,O
O,462.png,O
O,463.png,O
O,464.png,O
O,465.png,O
O,466.png,O
O,467.png,O
O,468.png,O
O,469.png,O
O,470.png,O
O,471.png,O
O,472.png,O
O,473.png,O
O,474.png,O
O,475.png,O
O,476.png,O
O,477.png,O
O,478.png,O
O,479.png,O
O,480.png,O
O,481.png,O
O,482.png,O
O,483.png,O
O,484.png,O
O,485.png,O
O,486.png,O
O,487.png,O
O,488.png,O
O,489.png,O
O,490.png,O
O,491.png,O
O,492.png,O
O,493.png,O
O,494.png,O
O,495.png,O
O,496.png,O
O,497.png,O
O,498.png,O
O,499.png,O
O,500.png,O
O,501.png,O
O,502.png,O
O,503.png,O
O,504.png,O
O,505.png,O
O,506.png,O
O,507.png,O
O,508.png,O
O,509.png,O
O,510.png,O
O,511.png,O
O,512.png,O
O,513.png,O
O,514.png,O
O,515.png,O
O,516.png,O
O,517.png,O
O,518.png,O
O,519.png,O
O,520.png,O
O,521.png,O
O,522.png,O
O,523.png,O
O,524.png,O
O,525.png,O
O,526.png,O
O,527.png,O
O,528.png,O
O,529.png,O
O,530.png,O
O,531.png,O
O,532.png,O
O,533.png,O
O,534.png,O
O,535.png,O
O,536.png,O
O,537.png,O
O,538.png,O
O,539.png,O
O,540.png,O
O,541.png,O
O,542.png,O
O,543.png,O
O,544.png,O
O,545.png,O
O,546.png,O
O,547.png,O
O,548.png,O
O,549.png,O
O,550.png,O
O,551.png,O
O,552.png,O
O,553.png,O
O,554.png,O
O,555.png,O
O,556.png,O
O,557.png,O
O,558.png,O
O,559.png,O
O,560.png,O
O,561.png,O
O,562.png,O
O,563.png,O
O,564.png,O
O,565.png,O
O,566.png,O
O,567.png,O
O,568.png,O
O,569.png,O
O,570.png,O
O,571.png,O
O,572.png,O
O,573.png,O
O,574.png,O
O,575.png,O
O,576.png,O
O,577.png,O
O,578.png,O
O,579.png,O
O,580.png,O
O,581.png,O
O,582.png,O
O,583.png,O
O,584.png,O
O,585.png,O
O,586.png,O
O,587.png,O
O,588.png,O
O,589.png,O
O,590.png,O
O,591.png,O
O,592.png,O
O,593.png,O
O,594.png,O
O,595.png,O
O,596.png,O
O,597.png,O
O,598.png,O
O,599.png,O
O,600.png,O
O,601.png,O
O,602.png,O
O,603.png,O
O,604.png,O
O,605.png,O
O,606.png,O
O,607.png,O
O,608.png,O
O,609.png,O
O,610.png,O
O,611.png,O
O,612.png,O
O,613.png,O
O,614.png,O
O,615.png,O
O,616.png,O
O,617.png,O
O,618.png,O
O,619.png,O
O,620.png,O
O,621.png,O
O,622.png,O
O,623.png,O
O,624.png,O
O,625.png,O
O,626.png,O
O,627.png,O
O,628.png,O
O,629.png,O
O,630.png,O
O,631.png,O
O,632.png,O
O,633.png,O
O,634.png,O
O,635.png,O
O,636.png,O
O,637.png,O
O,638.png,O
O,639.png,O
O,640.png,O
O,641.png,O
O,642.png,O
O,643.png,O
O,644.png,O
O,645.png,O
O,646.png,O
O,647.png,O
O,648.png,O
O,649.png,O
O,650.png,O
O,651.png,O
O,652.png,O
O,653.png,O
O,654.png,O
O,655.png,O
O,656.png,O
O,657.png,O
O,658.png,O
O,659.png,O
O,660.png,O
O,661.png,O
O,662.png,O
O,663.png,O
O,664.png,O
O,665.png,O
O,666.png,O
O,667.png,O
O,668.png,O
O,669.png,O
O,670.png,O
O,671.png,O
O,672.png,O
O,673.png,O
O,674.png,O
O,675.png,O
O,676.png,O
O,677.png,O
O,678.png,O
O,679.png,O
O,680.png,O
O,681.png,O
O,682.png,O
O,683.png,O
O,684.png,O
O,685.png,O
O,686.png,O
O,687.png,O
O,688.png,O
O,689.png,O
O,690.png,O
O,691.png,O
O,692.png,O
O,693.png,O
O,694.png,O
O,695.png,O
O,696.png,O
O,697.png,O
O,698.png,O
O,699.png,O
O,700.png,O
O,701.png,O
O,702.png,O
O,703.png,O
O,704.png,O
O,705.png,O
O,706.png,O
O,707.png,O
O,708.png,O
O,709.png,O
O,710.png,O
O,711.png,O
O,712.png,O
O,713.png,O
O,714.png,O
O,715.png,O
O,716.png,O
O,717.png,O
O,718.png,O
O,719.png,O
O,720.png,O
O,721.png,O
O,722.png,O
O,723.png,O
O,724.png,O
O,725.png,O
O,726.png,O
O,727.png,O
O,728.png,O
O,729.png,O
O,730.png,O
O,731.png,O
O,732.png,O
O,733.png,O
O,734.png,O
O,735.png,O
O,736.png,O
O,737.png,O
O,738.png,O
O,739.png,O
O,740.png,O
O,741.png,O
O,742.png,O
O,743.png,O
O,744.png,O
O,745.png,O
O,746.png,O
O,747.png,O
O,748.png,O
O,749.png,O
O,750.png,O
O,751.png,O
O,752.png,O
O,753.png,O
O,754.png,O
O,755.png,O
O,756.png,O
O,757.png,O
O,758.png,O
O,759.png,O
O,760.png,O
O,761.png,O
O,762.png,O
O,763.png,O
O,764.png,O
O,765.png,O
O,766.png,O
O,767.png,O
O,768.png,O
O,769.png,O
O,770.png,O
O,771.png,O
O,772.png,O
O,773.png,O
O,774.png,O
O,775.png,O
O,776.png,O
O,777.png,O
O,778.png,O
O,779.png,O
O,780.png,O
O,781.png,O
O,782.png,O
O,783.png,O
O,784.png,O
O,785.png,O
O,786.png,O
O,787.png,O
O,788.png,O
O,789.png,O
O,790.png,O
O,791.png,O
O,792.png,O
O,793.png,O
O,794.png,O
O,795.png,O
O,796.png,O
O,797.png,O
O,798.png,O
O,799.png,O
O,800.png,O
O,801.png,O
O,802.png,O
O,803.png,O
O,804.png,O
O,805.png,O
O,806.png,O
O,807.png,O
O,808.png,O
O,809.png,O
O,810.png,O
O,811.png,O
O,812.png,O
O,813.png,O
O,814.png,O
O,815.png,O
O,816.png,O
O,817.png,O
O,818.png,O
O,819.png,O
O,820.png,O
O,821.png,O
O,822.png,O
O,823.png,O
O,824.png,O
O,825.png,O
O,826.png,O
O,827.png,O
O,828.png,O
O,829.png,O
O,830.png,O
O,831.png,O
O,832.png,O
O,833.png,O
O,834.png,O
O,835.png,O
O,836.png,O
O,837.png,O
O,838.png,O
O,839.png,O
O,840.png,O
O,841.png,O
O,842.png,O
O,843.png,O
O,844.png,O
O,845.png,O
O,846.png,O
O,847.png,O
O,848.png,O
O,849.png,O
O,850.png,O
O,851.png,O
O,852.png,O
O,853.png,O
O,854.png,O
O,855.png,O
O,856.png,O
O,857.png,O
O,858.png,O
O,859.png,O
O,860.png,O
O,861.png,O
O,862.png,O
O,863.png,O
O,864.png,O
O,865.png,O
O,866.png,O
O,867.png,O
O,868.png,O
O,869.png,O
O,870.png,O
O,871.png,O
O,872.png,O
O,873.png,O
O,874.png,O
O,875.png,O
O,876.png,O
O,877.png,O
O,878.png,O
O,879.png,O
O,880.png,O
O,881.png,O
O,882.png,O
O,883.png,O
O,884.png,O
O,885.png,O
O,886.png,O
O,887.png,O
O,888.png,O
O,889.png,O
O,890.png,O
O,891.png,O
O,892.png,O
O,893.png,O
O,894.png,O
O,895.png,O
O,896.png,O
O,897.png,O
O,898.png,O
O,899.png,O
O,900.png,O
O,901.png,O
O,902.png,O
O,903.png,O
O,904.png,O
O,905.png,O
O,906.png,O
O,907.png,O
O,908.png,O
O,909.png,O
O,910.png,O
O,911.png,O
O,912.png,O
O,913.png,O
O,914.png,O
O,915.png,O
O,916.png,O
O,917.png,O
O,918.png,O
O,919.png,O
O,920.png,O
O,921.png,O
O,922.png,O
O,923.png,O
O,924.png,O
O,925.png,O
O,926.png,O
O,927.png,O
O,928.png,O
O,929.png,O
O,930.png,O
O,931.png,O
O,932.png,O
O,933.png,O
O,934.png,O
O,935.png,O
O,936.png,O
O,937.png,O
O,938.png,O
O,939.png,O
O,940.png,O
O,941.png,O
O,942.png,O
O,943.png,O
O,944.png,O
O,945.png,O
O,946.png,O
O,947.png,O
O,948.png,O
O,949.png,O
O,950.png,O
O,951.png,O
O,952.png,O
O,953.png,O
O,954.png,O
O,955.png,O
O,956.png,O
O,957.png,O
O,958.png,O
O,959.png,O
O,960.png,O
O,961.png,O
O,962.png,O
O,963.png,O
O,964.png,O
O,965.png,O
O,966.png,O
O,967.png,O
O,968.png,O
O,969.png,O
O,970.png,O
O,971.png,O
O,972.png,O
O,973.png,O
O,974.png,O
O,975.png,O
O,976.png,O
O,977.png,O
O,978.png,O
O,979.png,O
O,980.png,O
O,981.png,O
O,982.png,O
O,983.png,O
O,984.png,O
O,985.png,O
O,986.png,O
O,987.png,O
O,988.png,O
O,989.png,O
O,990.png,O
O,991.png,O
O,992.png,O
O,993.png,O
O,994.png,O
O,995.png,O
O,996.png,O
O,997.png,O
O,998.png,O
O,999.png,O
O,1000.png,O
O,1001.png,O
O,1002.png,O
O,1003.png,O
O,1004.png,O
O,1005.png,O
O,1006.png,O
O,1007.png,O
O,1008.png,O
O,1009.png,O
O,1010.png,O
O,1011.png,O
O,1012.png,O
O,1013.png,O
O,1014.png,O
O,1015.png,O
O,1016.png,O
O,1017.png,O
O,1018.png,O
O,1019.png,O
O,1020.png,O
O,1021.png,O
O,1022.png,O
O,1023.png,O
O,1024.png,O
O,1025.png,O
O,1026.png,O
O,1027.png,O
O,1028.png,O
O,1029.png,O
O,1030.png,O
O,1031.png,O
O,1032.png,O
O,1033.png,O
O,1034.png,O
O,1035.png,O
O,1036.png,O
O,1037.png,O
O,1038.png,O
O,1039.png,O
O,1040.png,O
O,1041.png,O
O,1042.png,O
O,1043.png,O
O,1044.png,O
O,1045.png,O
O,1046.png,O
O,1047.png,O
O,1048.png,O
O,1049.png,O
O,1050.png,O
O,1051.png,O
O,1052.png,O
O,1053.png,O
O,1054.png,O
O,1055.png,O
O,1056.png,O
O,1057.png,O
O,1058.png,O
O,1059.png,O
O,1060.png,O
O,1061.png,O
O,1062.png,O
O,1063.png,O
O,1064.png,O
O,1065.png,O
O,1066.png,O
O,1067.png,O
O,1068.png,O
O,1069.png,O
O,1070.png,O
O,1071.png,O
O,1072.png,O
O,1073.png,O
O,1074.png,O
O,1075.png,O
O,1076.png,O
O,1077.png,O
O,1078.png,O
O,1079.png,O
O,1080.png,O
O,1081.png,O
O,1082.png,O
O,1083.png,O
O,1084.png,O
O,1085.png,O
O,1086.png,O
O,1087.png,O
O,1088.png,O
O,1089.png,O
O,1090.png,O
O,1091.png,O
O,1092.png,O
O,1093.png,O
O,1094.png,O
O,1095.png,O
O,1096.png,O
O,1097.png,O
O,1098.png,O
O,1099.png,O
O,1100.png,O
O,1101.png,O
O,1102.png,O
O,1103.png,O
O,1104.png,O
O,1105.png,O
O,1106.png,O
O,1107.png,O
O,1108.png,O
O,1109.png,O
O,1110.png,O
O,1111.png,O
O,1112.png,O
O,1113.png,O
O,1114.png,O
O,1115.png,O
O,1116.png,O
O,1117.png,O
O,1118.png,O
O,1119.png,O
O,1120.png,O
O,1121.png,O
O,1122.png,O
O,1123.png,O
O,1124.png,O
O,1125.png,O
O,1126.png,O
O,1127.png,O
O,1128.png,O
O,1129.png,O
O,1130.png,O
O,1131.png,O
O,1132.png,O
O,1133.png,O
O,1134.png,O
O,1135.png,O
O,1136.png,O
O,1137.png,O
O,1138.png,O
O,1139.png,O
O,1140.png,O
O,1141.png,O
O,1142.png,O
O,1143.png,O
O,1144.png,O
O,1145.png,O
O,1146.png,O
O,1147.png,O
O,1148.png,O
O,1149.png,O
O,1150.png,O
O,1151.png,O
O,1152.png,O
O,1153.png,O
O,1154.png,O
O,1155.png,O
O,1156.png,O
O,1157.png,O
O,1158.png,O
O,1159.png,O
O,1160.png,O
O,1161.png,O
O,1162.png,O
O,1163.png,O
O,1164.png,O
O,1165.png,O
O,1166.png,O
O,1167.png,O
O,1168.png,O
O,1169.png,O
O,1170.png,O
O,1171.png,O
O,1172.png,O
O,1173.png,O
O,1174.png,O
O,1175.png,O
O,1176.png,O
O,1177.png,O
O,1178.png,O
O,1179.png,O
O,1180.png,O
O,1181.png,O
O,1182.png,O
O,1183.png,O
O,1184.png,O
O,1185.png,O
O,1186.png,O
O,1187.png,O
O,1188.png,O
O,1189.png,O
O,1190.png,O
O,1191.png,O
O,1192.png,O
O,1193.png,O
O,1194.png,O
O,1195.png,O
O,1196.png,O
O,1197.png,O
O,1198.png,O
O,1199.png,O
O,1200.png,O
O,1201.png,O
O,1202.png,O
O,1203.png,O
O,1204.png,O
O,1205.png,O
O,1206.png,O
O,1207.png,O
O,1208.png,O
O,1209.png,O
O,1210.png,O
O,1211.png,O
O,1212.png,O
O,1213.png,O
O,1214.png,O
O,1215.png,O
O,1216.png,O
O,1217.png,O
O,1218.png,O
O,1219.png,O
O,1220.png,O
O,1221.png,O
O,1222.png,O
O,1223.png,O
O,1224.png,O
O,1225.png,O
O,1226.png,O
O,1227.png,O
O,1228.png,O
O,1229.png,O
O,1230.png,O
O,1231.png,O
O,1232.png,O
O,1233.png,O
O,1234.png,O
O,1235.png,O
O,1236.png,O
O,1237.png,O
O,1238.png,O
O,1239.png,O
O,1240.png,O
O,1241.png,O
O,1242.png,O
O,1243.png,O
O,1244.png,O
O,1245.png,O
O,1246.png,O
O,1247.png,O
O,1248.png,O
O,1249.png,O
O,1250.png,O
O,1251.png,O
O,1252.png,O
O,1253.png,O
O,1254.png,O
O,1255.png,O
O,1256.png,O
O,1257.png,O
O,1258.png,O
O,1259.png,O
O,1260.png,O
O,1261.png,O
O,1262.png,O
O,1263.png,O
O,1264.png,O
O,1265.png,O
O,1266.png,O
O,1267.png,O
O,1268.png,O
O,1269.png,O
O,1270.png,O
O,1271.png,O
O,1272.png,O
O,1273.png,O
O,1274.png,O
O,1275.png,O
O,1276.png,O
O,1277.png,O
O,1278.png,O
O,1279.png,O
O,1280.png,O
O,1281.png,O
O,1282.png,O
O,1283.png,O
O,1284.png,O
O,1285.png,O
O,1286.png,O
O,1287.png,O
O,1288.png,O
O,1289.png,O
O,1290.png,O
O,1291.png,O
O,1292.png,O
O,1293.png,O
O,1294.png,O
O,1295.png,O
O,1296.png,O
O,1297.png,O
O,1298.png,O
O,1299.png,O
O,1300.png,O
O,1301.png,O
O,1302.png,O
O,1303.png,O
O,1304.png,O
O,1305.png,O
O,1306.png,O
O,1307.png,O
O,1308.png,O
O,1309.png,O
O,1310.png,O
O,1311.png,O
O,1312.png,O
O,1313.png,O
O,1314.png,O
O,1315.png,O
O,1316.png,O
O,1317.png,O
O,1318.png,O
O,1319.png,O
O,1320.png,O
O,1321.png,O
O,1322.png,O
O,1323.png,O
O,1324.png,O
O,1325.png,O
O,1326.png,O
O,1327.png,O
O,1328.png,O
O,1329.png,O
O,1330.png,O
O,1331.png,O
O,1332.png,O
O,1333.png,O
O,1334.png,O
O,1335.png,O
O,1336.png,O
O,1337.png,O
O,1338.png,O
O,1339.png,O
O,1340.png,O
O,1341.png,O
O,1342.png,O
O,1343.png,O
O,1344.png,O
O,1345.png,O
O,1346.png,O
O,1347.png,O
O,1348.png,O
O,1349.png,O
O,1350.png,O
O,1351.png,O
O,1352.png,O
O,1353.png,O
O,1354.png,O
O,1355.png,O
O,1356.png,O
O,1357.png,O
O,1358.png,O
O,1359.png,O
O,1360.png,O
O,1361.png,O
O,1362.png,O
O,1363.png,O
O,1364.png,O
O,1365.png,O
O,1366.png,O
O,1367.png,O
O,1368.png,O
O,1369.png,O
O,1370.png,O
O,1371.png,O
O,1372.png,O
O,1373.png,O
O,1374.png,O
O,1375.png,O
O,1376.png,O
O,1377.png,O
O,1378.png,O
O,1379.png,O
O,1380.png,O
O,1381.png,O
O,1382.png,O
O,1383.png,O
O,1384.png,O
O,1385.png,O
O,1386.png,O
O,1387.png,O
O,1388.png,O
O,1389.png,O
O,1390.png,O
O,1391.png,O
O,1392.png,O
O,1393.png,O
O,1394.png,O
O,1395.png,O
O,1396.png,O
O,1397.png,O
O,1398.png,O
O,1399.png,O
O,1400.png,O
O,1401.png,O
O,1402.png,O
O,1403.png,O
O,1404.png,O
O,1405.png,O
O,1406.png,O
O,1407.png,O
O,1408.png,O
O,1409.png,O
O,1410.png,O
O,1411.png,O
O,1412.png,O
O,1413.png,O
O,1414.png,O
O,1415.png,O
O,1416.png,O
O,1417.png,O
O,1418.png,O
O,1419.png,O
O,1420.png,O
O,1421.png,O
O,1422.png,O
O,1423.png,O
O,1424.png,O
O,1425.png,O
O,1426.png,O
O,1427.png,O
O,1428.png,O
O,1429.png,O
O,1430.png,O
O,1431.png,O
O,1432.png,O
O,1433.png,O
O,1434.png,O
O,1435.png,O
O,1436.png,O
O,1437.png,O
O,1438.png,O
O,1439.png,O
O,1440.png,O
O,1441.png,O
O,1442.png,O
O,1443.png,O
O,1444.png,O
O,1445.png,O
O,1446.png,O
O,1447.png,O
O,1448.png,O
O,1449.png,O
O,1450.png,O
O,1451.png,O
O,1452.png,O
O,1453.png,O
O,1454.png,O
O,1455.png,O
O,1456.png,O
O,1457.png,O
O,1458.png,O
O,1459.png,O
O,1460.png,O
O,1461.png,O
O,1462.png,O
O,1463.png,O
O,1464.png,O
O,1465.png,O
O,1466.png,O
O,1467.png,O
O,1468.png,O
O,1469.png,O
O,1470.png,O
O,1471.png,O
O,1472.png,O
O,1473.png,O
O,1474.png,O
O,1475.png,O
O,1476.png,O
O,1477.png,O
O,1478.png,O
O,1479.png,O
O,1480.png,O
O,1481.png,O
O,1482.png,O
O,1483.png,O
O,1484.png,O
O,1485.png,O
O,1486.png,O
O,1487.png,O
O,1488.png,O
O,1489.png,O
O,1490.png,O
O,1491.png,O
O,1492.png,O
O,1493.png,O
O,1494.png,O
O,1495.png,O
O,1496.png,O
O,1497.png,O
O,1498.png,O
O,1499.png,O
O,1500.png,O
O,1501.png,O
O,1502.png,O
O,1503.png,O
O,1504.png,O
O,1505.png,O
O,1506.png,O
O,1507.png,O
O,1508.png,O
O,1509.png,O
O,1510.png,O
O,1511.png,O
O,1512.png,O
O,1513.png,O
O,1514.png,O
O,1515.png,O
O,1516.png,O
O,1517.png,O
O,1518.png,O
O,1519.png,O
O,1520.png,O
O,1521.png,O
O,1522.png,O
O,1523.png,O
O,1524.png,O
O,1525.png,O
O,1526.png,O
O,1527.png,O
O,1528.png,O
O,1529.png,O
O,1530.png,O
O,1531.png,O
O,1532.png,O
O,1533.png,O
O,1534.png,O
O,1535.png,O
O,1536.png,O
O,1537.png,O
O,1538.png,O
O,1539.png,O
O,1540.png,O
O,1541.png,O
O,1542.png,O
O,1543.png,O
O,1544.png,O
O,1545.png,O
O,1546.png,O
O,1547.png,O
O,1548.png,O
O,1549.png,O
O,1550.png,O
O,1551.png,O
O,1552.png,O
O,1553.png,O
O,1554.png,O
O,1555.png,O
O,1556.png,O
O,1557.png,O
O,1558.png,O
O,1559.png,O
O,1560.png,O
O,1561.png,O
O,1562.png,O
O,1563.png,O
O,1564.png,O
O,1565.png,O
O,1566.png,O
O,1567.png,O
O,1568.png,O
O,1569.png,O
O,1570.png,O
O,1571.png,O
O,1572.png,O
O,1573.png,O
O,1574.png,O
O,1575.png,O
O,1576.png,O
O,1577.png,O
O,1578.png,O
O,1579.png,O
O,1580.png,O
O,1581.png,O
O,1582.png,O
O,1583.png,O
O,1584.png,O
O,1585.png,O
O,1586.png,O
O,1587.png,O
O,1588.png,O
O,1589.png,O
O,1590.png,O
O,1591.png,O
O,1592.png,O
O,1593.png,O
O,1594.png,O
O,1595.png,O
O,1596.png,O
O,1597.png,O
O,1598.png,O
O,1599.png,O
O,1600.png,O
O,1601.png,O
O,1602.png,O
O,1603.png,O
O,1604.png,O
O,1605.png,O
O,1606.png,O
O,1607.png,O
O,1608.png,O
O,1609.png,O
O,1610.png,O
O,1611.png,O
O,1612.png,O
O,1613.png,O
O,1614.png,O
O,1615.png,O
O,1616.png,O
O,1617.png,O
O,1618.png,O
O,1619.png,O
O,1620.png,O
O,1621.png,O
O,1622.png,O
O,1623.png,O
O,1624.png,O
O,1625.png,O
O,1626.png,O
O,1627.png,O
O,1628.png,O
O,1629.png,O
O,1630.png,O
O,1631.png,O
O,1632.png,O
O,1633.png,O
O,1634.png,O
O,1635.png,O
O,1636.png,O
O,1637.png,O
O,1638.png,O
O,1639.png,O
O,1640.png,O
O,1641.png,O
O,1642.png,O
O,1643.png,O
O,1644.png,O
O,1645.png,O
O,1646.png,O
O,1647.png,O
O,1648.png,O
O,1649.png,O
O,1650.png,O
O,1651.png,O
O,1652.png,O
O,1653.png,O
O,1654.png,O
O,1655.png,O
O,1656.png,O
O,1657.png,O
O,1658.png,O
O,1659.png,O
O,1660.png,O
O,1661.png,O
O,1662.png,O
O,1663.png,O
O,1664.png,O
O,1665.png,O
O,1666.png,O
O,1667.png,O
O,1668.png,O
O,1669.png,O
O,1670.png,O
O,1671.png,O
O,1672.png,O
O,1673.png,O
O,1674.png,O
O,1675.png,O
O,1676.png,O
O,1677.png,O
O,1678.png,O
O,1679.png,O
O,1680.png,O
O,1681.png,O
O,1682.png,O
O,1683.png,O
O,1684.png,O
O,1685.png,O
O,1686.png,O
O,1687.png,O
O,1688.png,O
O,1689.png,O
O,1690.png,O
O,1691.png,O
O,1692.png,O
O,1693.png,O
O,1694.png,O
O,1695.png,O
O,1696.png,O
O,1697.png,O
O,1698.png,O
O,1699.png,O
O,1700.png,O
O,1701.png,O
O,1702.png,O
O,1703.png,O
O,1704.png,O
O,1705.png,O
O,1706.png,O
O,1707.png,O
O,1708.png,O
O,1709.png,O
O,1710.png,O
O,1711.png,O
O,1712.png,O
O,1713.png,O
O,1714.png,O
O,1715.png,O
O,1716.png,O
O,1717.png,O
O,1718.png,O
O,1719.png,O
O,1720.png,O
O,1721.png,O
O,1722.png,O
O,1723.png,O
O,1724.png,O
O,1725.png,O
O,1726.png,O
O,1727.png,O
O,1728.png,O
O,1729.png,O
O,1730.png,O
O,1731.png,O
O,1732.png,O
O,1733.png,O
O,1734.png,O
O,1735.png,O
O,1736.png,O
O,1737.png,O
O,1738.png,O
O,1739.png,O
O,1740.png,O
O,1741.png,O
O,1742.png,O
O,1743.png,O
O,1744.png,O
O,1745.png,O
O,1746.png,O
O,1747.png,O
O,1748.png,O
O,1749.png,O
O,1750.png,O
O,1751.png,O
O,1752.png,O
O,1753.png,O
O,1754.png,O
O,1755.png,O
O,1756.png,O
O,1757.png,O
O,1758.png,O
O,1759.png,O
O,1760.png,O
O,1761.png,O
O,1762.png,O
O,1763.png,O
O,1764.png,O
O,1765.png,O
O,1766.png,O
O,1767.png,O
O,1768.png,O
O,1769.png,O
O,1770.png,O
O,1771.png,O
O,1772.png,O
O,1773.png,O
O,1774.png,O
O,1775.png,O
O,1776.png,O
O,1777.png,O
O,1778.png,O
O,1779.png,O
O,1780.png,O
O,1781.png,O
O,1782.png,O
O,1783.png,O
O,1784.png,O
O,1785.png,O
O,1786.png,O
O,1787.png,O
O,1788.png,O
O,1789.png,O
O,1790.png,O
O,1791.png,O
O,1792.png,O
O,1793.png,O
O,1794.png,O
O,1795.png,O
O,1796.png,O
O,1797.png,O
O,1798.png,O
O,1799.png,O
O,1800.png,O
O,1801.png,O
O,1802.png,O
O,1803.png,O
O,1804.png,O
O,1805.png,O
O,1806.png,O
O,1807.png,O
O,1808.png,O
O,1809.png,O
O,1810.png,O
O,1811.png,O
O,1812.png,O
O,1813.png,O
O,1814.png,O
O,1815.png,O
O,1816.png,O
O,1817.png,O
O,1818.png,O
O,1819.png,O
O,1820.png,O
O,1821.png,O
O,1822.png,O
O,1823.png,O
O,1824.png,O
O,1825.png,O
O,1826.png,O
O,1827.png,O
O,1828.png,O
O,1829.png,O
O,1830.png,O
O,1831.png,O
O,1832.png,O
O,1833.png,O
O,1834.png,O
O,1835.png,O
O,1836.png,O
O,1837.png,O
O,1838.png,O
O,1839.png,O
O,1840.png,O
O,1841.png,O
O,1842.png,O
O,1843.png,O
O,1844.png,O
O,1845.png,O
O,1846.png,O
O,1847.png,O
O,1848.png,O
O,1849.png,O
O,1850.png,O
O,1851.png,O
O,1852.png,O
O,1853.png,O
O,1854.png,O
O,1855.png,O
O,1856.png,O
O,1857.png,O
O,1858.png,O
O,1859.png,O
O,1860.png,O
O,1861.png,O
O,1862.png,O
O,1863.png,O
O,1864.png,O
O,1865.png,O
O,1866.png,O
O,1867.png,O
O,1868.png,O
O,1869.png,O
O,1870.png,O
O,1871.png,O
O,1872.png,O
O,1873.png,O
O,1874.png,O
O,1875.png,O
O,1876.png,O
O,1877.png,O
O,1878.png,O
O,1879.png,O
O,1880.png,O
O,1881.png,O
O,1882.png,O
O,1883.png,O
O,1884.png,O
O,1885.png,O
O,1886.png,O
O,1887.png,O
O,1888.png,O
O,1889.png,O
O,1890.png,O
O,1891.png,O
O,1892.png,O
O,1893.png,O
O,1894.png,O
O,1895.png,O
O,1896.png,O
O,1897.png,O
O,1898.png,O
O,1899.png,O
O,1900.png,O
O,1901.png,O
O,1902.png,O
O,1903.png,O
O,1904.png,O
O,1905.png,O
O,1906.png,O
O,1907.png,O
O,1908.png,O
O,1909.png,O
O,1910.png,O
O,1911.png,O
O,1912.png,O
O,1913.png,O
O,1914.png,O
O,1915.png,O
O,1916.png,O
O,1917.png,O
O,1918.png,O
O,1919.png,O
O,1920.png,O
O,1921.png,O
O,1922.png,O
O,1923.png,O
O,1924.png,O
O,1925.png,O
O,1926.png,O
O,1927.png,O
O,1928.png,O
O,1929.png,O
O,1930.png,O
O,1931.png,O
O,1932.png,O
O,1933.png,O
O,1934.png,O
O,1935.png,O
O,1936.png,O
O,1937.png,O
O,1938.png,O
O,1939.png,O
O,1940.png,O
O,1941.png,O
O,1942.png,O
O,1943.png,O
O,1944.png,O
O,1945.png,O
O,1946.png,O
O,1947.png,O
O,1948.png,O
O,1949.png,O
O,1950.png,O
O,1951.png,O
O,1952.png,O
O,1953.png,O
O,1954.png,O
O,1955.png,O
O,1956.png,O
O,1957.png,O
O,1958.png,O
O,1959.png,O
O,1960.png,O
O,1961.png,O
O,1962.png,O
O,1963.png,O
O,1964.png,O
O,1965.png,O
O,1966.png,O
O,1967.png,O
O,1968.png,O
O,1969.png,O
O,1970.png,O
O,1971.png,O
O,1972.png,O
O,1973.png,O
O,1974.png,O
O,1975.png,O
O,1976.png,O
O,1977.png,O
O,1978.png,O
O,1979.png,O
O,1980.png,O
O,1981.png,O
O,1982.png,O
O,1983.png,O
O,1984.png,O
O,1985.png,O
O,1986.png,O
O,1987.png,O
O,1988.png,O
O,1989.png,O
O,1990.png,O
O,1991.png,O
O,1992.png,O
O,1993.png,O
O,1994.png,O
O,1995.png,O
O,1996.png,O
O,1997.png,O
O,1998.png,O
O,1999.png,O
O,2000.png,O
O,2001.png,O
O,2002.png,O
O,2003.png,O
O,2004.png,O
O,2005.png,O
O,2006.png,O
O,2007.png,O
O,2008.png,O
O,2009.png,O
O,2010.png,O
O,2011.png,O
O,2012.png,O
O,2013.png,O
O,2014.png,O
O,2015.png,O
O,2016.png,O
O,2017.png,O
O,2018.png,O
O,2019.png,O
O,2020.png,O
O,2021.png,O
O,2022.png,O
O,2023.png,O
O,2024.png,O
O,2025.png,O
O,2026.png,O
O,2027.png,O
O,2028.png,O
O,2029.png,O
O,2030.png,O
O,2031.png,O
O,2032.png,O
O,2033.png,O
O,2034.png,O
O,2035.png,O
O,2036.png,O
O,2037.png,O
O,2038.png,O
O,2039.png,O
O,2040.png,O
O,2041.png,O
O,2042.png,O
O,2043.png,O
O,2044.png,O
O,2045.png,O
O,2046.png,O
O,2047.png,O
O,2048.png,O
O,2049.png,O
O,2050.png,O
O,2051.png,O
O,2052.png,O
O,2053.png,O
O,2054.png,O
O,2055.png,O
O,2056.png,O
O,2057.png,O
O,2058.png,O
O,2059.png,O
O,2060.png,O
O,2061.png,O
O,2062.png,O
O,2063.png,O
O,2064.png,O
O,2065.png,O
O,2066.png,O
O,2067.png,O
O,2068.png,O
O,2069.png,O
O,2070.png,O
O,2071.png,O
O,2072.png,O
O,2073.png,O
O,2074.png,O
O,2075.png,O
O,2076.png,O
O,2077.png,O
O,2078.png,O
O,2079.png,O
O,2080.png,O
O,2081.png,O
O,2082.png,O
O,2083.png,O
O,2084.png,O
O,2085.png,O
O,2086.png,O
O,2087.png,O
O,2088.png,O
O,2089.png,O
O,2090.png,O
O,2091.png,O
O,2092.png,O
O,2093.png,O
O,2094.png,O
O,2095.png,O
O,2096.png,O
O,2097.png,O
O,2098.png,O
X,1.png,X
X,2.png,X
X,3.png,X
X,4.png,X
X,5.png,X
X,6.png,X
X,7.png,X
X,8.png,X
X,9.png,X
X,10.png,X
X,11.png,X
X,12.png,X
X,13.png,X
X,14.png,X
X,15.png,X
X,16.png,X
X,17.png,X
X,18.png,X
X,19.png,X
X,20.png,X
X,21.png,X
X,22.png,X
X,23.png,X
X,24.png,X
X,25.png,X
X,26.png,X
X,27.png,X
X,28.png,X
X,29.png,X
X,30.png,X
X,31.png,X
X,32.png,X
X,33.png,X
X,34.png,X
X,35.png,X
X,36.png,X
X,37.png,X
X,38.png,X
X,39.png,X
X,40.png,X
X,41.png,X
X,42.png,X
X,43.png,X
X,44.png,X
X,45.png,X
X,46.png,X
X,47.png,X
X,48.png,X
X,49.png,X
X,50.png,X
X,51.png,X
X,52.png,X
X,53.png,X
X,54.png,X
X,55.png,X
X,56.png,X
X,57.png,X
X,58.png,X
X,59.png,X
X,60.png,X
X,61.png,X
X,62.png,X
X,63.png,X
X,64.png,X
X,65.png,X
X,66.png,X
X,67.png,X
X,68.png,X
X,69.png,X
X,70.png,X
X,71.png,X
X,72.png,X
X,73.png,X
X,74.png,X
X,75.png,X
X,76.png,X
X,77.png,X
X,78.png,X
X,79.png,X
X,80.png,X
X,81.png,X
X,82.png,X
X,83.png,X
X,84.png,X
X,85.png,X
X,86.png,X
X,87.png,X
X,88.png,X
X,89.png,X
X,90.png,X
X,91.png,X
X,92.png,X
X,93.png,X
X,94.png,X
X,95.png,X
X,96.png,X
X,97.png,X
X,98.png,X
X,99.png,X
X,100.png,X
X,101.png,X
X,102.png,X
X,103.png,X
X,104.png,X
X,105.png,X
X,106.png,X
X,107.png,X
X,108.png,X
X,109.png,X
X,110.png,X
X,111.png,X
X,112.png,X
X,113.png,X
X,114.png,X
X,115.png,X
X,116.png,X
X,117.png,X
X,118.png,X
X,119.png,X
X,120.png,X
X,121.png,X
X,122.png,X
X,123.png,X
X,124.png,X
X,125.png,X
X,126.png,X
X,127.png,X
X,128.png,X
X,129.png,X
X,130.png,X
X,131.png,X
X,132.png,X
X,133.png,X
X,134.png,X
X,135.png,X
X,136.png,X
X,137.png,X
X,138.png,X
X,139.png,X
X,140.png,X
X,141.png,X
X,142.png,X
X,143.png,X
X,144.png,X
X,145.png,X
X,146.png,X
X,147.png,X
X,148.png,X
X,149.png,X
X,150.png,X
X,151.png,X
X,152.png,X
X,153.png,X
X,154.png,X
X,155.png,X
X,156.png,X
X,157.png,X
X,158.png,X
X,159.png,X
X,160.png,X
X,161.png,X
X,162.png,X
X,163.png,X
X,164.png,X
X,165.png,X
X,166.png,X
X,167.png,X
X,168.png,X
X,169.png,X
X,170.png,X
X,171.png,X
X,172.png,X
X,173.png,X
X,174.png,X
X,175.png,X
X,176.png,X
X,177.png,X
X,178.png,X
X,179.png,X
X,180.png,X
X,181.png,X
X,182.png,X
X,183.png,X
X,184.png,X
X,185.png,X
X,186.png,X
X,187.png,X
X,188.png,X
X,189.png,X
X,190.png,X
X,191.png,X
X,192.png,X
X,193.png,X
X,194.png,X
X,195.png,X
X,196.png,X
X,197.png,X
X,198.png,X
X,199.png,X
X,200.png,X
X,201.png,X
X,202.png,X
X,203.png,X
X,204.png,X
X,205.png,X
X,206.png,X
X,207.png,X
X,208.png,X
X,209.png,X
X,210.png,X
X,211.png,X
X,212.png,X
X,213.png,X
X,214.png,X
X,215.png,X
X,216.png,X
X,217.png,X
X,218.png,X
X,219.png,X
X,220.png,X
X,221.png,X
X,222.png,X
X,223.png,X
X,224.png,X
X,225.png,X
X,226.png,X
X,227.png,X
X,228.png,X
X,229.png,X
X,230.png,X
X,231.png,X
X,232.png,X
X,233.png,X
X,234.png,X
X,235.png,X
X,236.png,X
X,237.png,X
X,238.png,X
X,239.png,X
X,240.png,X
X,241.png,X
X,242.png,X
X,243.png,X
X,244.png,X
X,245.png,X
X,246.png,X
X,247.png,X
X,248.png,X
X,249.png,X
X,250.png,X
X,251.png,X
X,252.png,X
X,253.png,X
X,254.png,X
X,255.png,X
X,256.png,X
X,257.png,X
X,258.png,X
X,259.png,X
X,260.png,X
X,261.png,X
X,262.png,X
X,263.png,X
X,264.png,X
X,265.png,X
X,266.png,X
X,267.png,X
X,268.png,X
X,269.png,X
X,270.png,X
X,271.png,X
X,272.png,X
X,273.png,X
X,274.png,X
X,275.png,X
X,276.png,X
X,277.png,X
X,278.png,X
X,279.png,X
X,280.png,X
X,281.png,X
X,282.png,X
X,283.png,X
X,284.png,X
X,285.png,X
X,286.png,X
X,287.png,X
X,288.png,X
X,289.png,X
X,290.png,X
X,291.png,X
X,292.png,X
X,293.png,X
X,294.png,X
X,295.png,X
X,296.png,X
X,297.png,X
X,298.png,X
X,299.png,X
X,300.png,X
X,301.png,X
X,302.png,X
X,303.png,X
X,304.png,X
X,305.png,X
X,306.png,X
X,307.png,X
X,308.png,X
X,309.png,X
X,310.png,X
X,311.png,X
X,312.png,X
X,313.png,X
X,314.png,X
X,315.png,X
X,316.png,X
X,317.png,X
X,318.png,X
X,319.png,X
X,320.png,X
X,321.png,X
X,322.png,X
X,323.png,X
X,324.png,X
X,325.png,X
X,326.png,X
X,327.png,X
X,328.png,X
X,329.png,X
X,330.png,X
X,331.png,X
X,332.png,X
X,333.png,X
X,334.png,X
X,335.png,X
X,336.png,X
X,337.png,X
X,338.png,X
X,339.png,X
X,340.png,X
X,341.png,X
X,342.png,X
X,343.png,X
X,344.png,X
X,345.png,X
X,346.png,X
X,347.png,X
X,348.png,X
X,349.png,X
X,350.png,X
X,351.png,X
X,352.png,X
X,353.png,X
X,354.png,X
X,355.png,X
X,356.png,X
X,357.png,X
X,358.png,X
X,359.png,X
X,360.png,X
X,361.png,X
X,362.png,X
X,363.png,X
X,364.png,X
X,365.png,X
X,366.png,X
X,367.png,X
X,368.png,X
X,369.png,X
X,370.png,X
X,371.png,X
X,372.png,X
X,373.png,X
X,374.png,X
X,375.png,X
X,376.png,X
X,377.png,X
X,378.png,X
X,379.png,X
X,380.png,X
X,381.png,X
X,382.png,X
X,383.png,X
X,384.png,X
X,385.png,X
X,386.png,X
X,387.png,X
X,388.png,X
X,389.png,X
X,390.png,X
X,391.png,X
X,392.png,X
X,393.png,X
X,394.png,X
X,395.png,X
X,396.png,X
X,397.png,X
X,398.png,X
X,399.png,X
X,400.png,X
X,401.png,X
X,402.png,X
X,403.png,X
X,404.png,X
X,405.png,X
X,406.png,X
X,407.png,X
X,408.png,X
X,409.png,X
X,410.png,X
X,411.png,X
X,412.png,X
X,413.png,X
X,414.png,X
X,415.png,X
X,416.png,X
X,417.png,X
X,418.png,X
X,419.png,X
X,420.png,X
X,421.png,X
X,422.png,X
X,423.png,X
X,424.png,X
X,425.png,X
X,426.png,X
X,427.png,X
X,428.png,X
X,429.png,X
X,430.png,X
X,431.png,X
X,432.png,X
X,433.png,X
X,434.png,X
X,435.png,X
X,436.png,X
X,437.png,X
X,438.png,X
X,439.png,X
X,440.png,X
X,441.png,X
X,442.png,X
X,443.png,X
X,444.png,X
X,445.png,X
X,446.png,X
X,447.png,X
X,448.png,X
X,449.png,X
X,450.png,X
X,451.png,X
X,452.png,X
X,453.png,X
X,454.png,X
X,455.png,X
X,456.png,X
X,457.png,X
X,458.png,X
X,459.png,X
X,460.png,X
X,461.png,X
X,462.png,X
X,463.png,X
X,464.png,X
X,465.png,X
X,466.png,X
X,467.png,X
X,468.png,X
X,469.png,X
X,470.png,X
X,471.png,X
X,472.png,X
X,473.png,X
X,474.png,X
X,475.png,X
X,476.png,X
X,477.png,X
X,478.png,X
X,479.png,X
X,480.png,X
X,481.png,X
X,482.png,X
X,483.png,X
X,484.png,X
X,485.png,X
X,486.png,X
X,487.png,X
X,488.png,X
X,489.png,X
X,490.png,X
X,491.png,X
X,492.png,X
X,493.png,X
X,494.png,X
X,495.png,X
X,496.png,X
X,497.png,X
X,498.png,X
X,499.png,X
X,500.png,X
X,501.png,X
X,502.png,X
X,503.png,X
X,504.png,X
X,505.png,X
X,506.png,X
X,507.png,X
X,508.png,X
X,509.png,X
X,510.png,X
X,511.png,X
X,512.png,X
X,513.png,X
X,514.png,X
X,515.png,X
X,516.png,X
X,517.png,X
X,518.png,X
X,519.png,X
X,520.png,X
X,521.png,X
X,522.png,X
X,523.png,X
X,524.png,X
X,525.png,X
X,526.png,X
X,527.png,X
X,528.png,X
X,529.png,X
X,530.png,X
X,531.png,X
X,532.png,X
X,533.png,X
X,534.png,X
X,535.png,X
X,536.png,X
X,537.png,X
X,538.png,X
X,539.png,X
X,540.png,X
X,541.png,X
X,542.png,X
X,543.png,X
X,544.png,X
X,545.png,X
X,546.png,X
X,547.png,X
X,548.png,X
X,549.png,X
X,550.png,X
X,551.png,X
X,552.png,X
X,553.png,X
X,554.png,X
X,555.png,X
X,556.png,X
X,557.png,X
X,558.png,X
X,559.png,X
X,560.png,X
X,561.png,X
X,562.png,X
X,563.png,X
X,564.png,X
X,565.png,X
X,566.png,X
X,567.png,X
X,568.png,X
X,569.png,X
X,570.png,X
X,571.png,X
X,572.png,X
X,573.png,X
X,574.png,X
X,575.png,X
X,576.png,X
X,577.png,X
X,578.png,X
X,579.png,X
X,580.png,X
X,581.png,X
X,582.png,X
X,583.png,X
X,584.png,X
X,585.png,X
X,586.png,X
X,587.png,X
X,588.png,X
X,589.png,X
X,590.png,X
X,591.png,X
X,592.png,X
X,593.png,X
X,594.png,X
X,595.png,X
X,596.png,X
X,597.png,X
X,598.png,X
X,599.png,X
X,600.png,X
X,601.png,X
X,602.png,X
X,603.png,X
X,604.png,X
X,605.png,X
X,606.png,X
X,607.png,X
X,608.png,X
X,609.png,X
X,610.png,X
X,611.png,X
X,612.png,X
X,613.png,X
X,614.png,X
X,615.png,X
X,616.png,X
X,617.png,X
X,618.png,X
X,619.png,X
X,620.png,X
X,621.png,X
X,622.png,X
X,623.png,X
X,624.png,X
X,625.png,X
X,626.png,X
X,627.png,X
X,628.png,X
X,629.png,X
X,630.png,X
X,631.png,X
X,632.png,X
X,633.png,X
X,634.png,X
X,635.png,X
X,636.png,X
X,637.png,X
X,638.png,X
X,639.png,X
X,640.png,X
X,641.png,X
X,642.png,X
X,643.png,X
X,644.png,X
X,645.png,X
X,646.png,X
X,647.png,X
X,648.png,X
X,649.png,X
X,650.png,X
X,651.png,X
X,652.png,X
X,653.png,X
X,654.png,X
X,655.png,X
X,656.png,X
X,657.png,X
X,658.png,X
X,659.png,X
X,660.png,X
X,661.png,X
X,662.png,X
X,663.png,X
X,664.png,X
X,665.png,X
X,666.png,X
X,667.png,X
X,668.png,X
X,669.png,X
X,670.png,X
X,671.png,X
X,672.png,X
X,673.png,X
X,674.png,X
X,675.png,X
X,676.png,X
X,677.png,X
X,678.png,X
X,679.png,X
X,680.png,X
X,681.png,X
X,682.png,X
X,683.png,X
X,684.png,X
X,685.png,X
X,686.png,X
X,687.png,X
X,688.png,X
X,689.png,X
X,690.png,X
X,691.png,X
X,692.png,X
X,693.png,X
X,694.png,X
X,695.png,X
X,696.png,X
X,697.png,X
X,698.png,X
X,699.png,X
X,700.png,X
X,701.png,X
X,702.png,X
X,703.png,X
X,704.png,X
X,705.png,X
X,706.png,X
X,707.png,X
X,708.png,X
X,709.png,X
X,710.png,X
X,711.png,X
X,712.png,X
X,713.png,X
X,714.png,X
X,715.png,X
X,716.png,X
X,717.png,X
X,718.png,X
X,719.png,X
X,720.png,X
X,721.png,X
X,722.png,X
X,723.png,X
X,724.png,X
X,725.png,X
X,726.png,X
X,727.png,X
X,728.png,X
X,729.png,X
X,730.png,X
X,731.png,X
X,732.png,X
X,733.png,X
X,734.png,X
X,735.png,X
X,736.png,X
X,737.png,X
X,738.png,X
X,739.png,X
X,740.png,X
X,741.png,X
X,742.png,X
X,743.png,X
X,744.png,X
X,745.png,X
X,746.png,X
X,747.png,X
X,748.png,X
X,749.png,X
X,750.png,X
X,751.png,X
X,752.png,X
X,753.png,X
X,754.png,X
X,755.png,X
X,756.png,X
X,757.png,X
X,758.png,X
X,759.png,X
X,760.png,X
X,761.png,X
X,762.png,X
X,763.png,X
X,764.png,X
X,765.png,X
X,766.png,X
X,767.png,X
X,768.png,X
X,769.png,X
X,770.png,X
X,771.png,X
X,772.png,X
X,773.png,X
X,774.png,X
X,775.png,X
X,776.png,X
X,777.png,X
X,778.png,X
X,779.png,X
X,780.png,X
X,781.png,X
X,782.png,X
X,783.png,X
X,784.png,X
X,785.png,X
X,786.png,X
X,787.png,X
X,788.png,X
X,789.png,X
X,790.png,X
X,791.png,X
X,792.png,X
X,793.png,X
X,794.png,X
X,795.png,X
X,796.png,X
X,797.png,X
X,798.png,X
X,799.png,X
X,800.png,X
X,801.png,X
X,802.png,X
X,803.png,X
X,804.png,X
X,805.png,X
X,806.png,X
X,807.png,X
X,808.png,X
X,809.png,X
X,810.png,X
X,811.png,X
X,812.png,X
X,813.png,X
X,814.png,X
X,815.png,X
X,816.png,X
X,817.png,X
X,818.png,X
X,819.png,X
X,820.png,X
X,821.png,X
X,822.png,X
X,823.png,X
X,824.png,X
X,825.png,X
X,826.png,X
X,827.png,X
X,828.png,X
X,829.png,X
X,830.png,X
X,831.png,X
X,832.png,X
X,833.png,X
X,834.png,X
X,835.png,X
X,836.png,X
X,837.png,X
X,838.png,X
X,839.png,X
X,840.png,X
X,841.png,X
X,842.png,X
X,843.png,X
X,844.png,X
X,845.png,X
X,846.png,X
X,847.png,X
X,848.png,X
X,849.png,X
X,850.png,X
X,851.png,X
X,852.png,X
X,853.png,X
X,854.png,X
X,855.png,X
X,856.png,X
X,857.png,X
X,858.png,X
X,859.png,X
X,860.png,X
X,861.png,X
X,862.png,X
X,863.png,X
X,864.png,X
X,865.png,X
X,866.png,X
X,867.png,X
X,868.png,X
X,869.png,X
X,870.png,X
X,871.png,X
X,872.png,X
X,873.png,X
X,874.png,X
X,875.png,X
X,876.png,X
X,877.png,X
X,878.png,X
X,879.png,X
X,880.png,X
X,881.png,X
X,882.png,X
X,883.png,X
X,884.png,X
X,885.png,X
X,886.png,X
X,887.png,X
X,888.png,X
X,889.png,X
X,890.png,X
X,891.png,X
X,892.png,X
X,893.png,X
X,894.png,X
X,895.png,X
X,896.png,X
X,897.png,X
X,898.png,X
X,899.png,X
X,900.png,X
X,901.png,X
X,902.png,X
X,903.png,X
X,904.png,X
X,905.png,X
X,906.png,X
X,907.png,X
X,908.png,X
X,909.png,X
X,910.png,X
X,911.png,X
X,912.png,X
X,913.png,X
X,914.png,X
X,915.png,X
X,916.png,X
X,917.png,X
X,918.png,X
X,919.png,X
X,920.png,X
X,921.png,X
X,922.png,X
X,923.png,X
X,924.png,X
X,925.png,X
X,926.png,X
X,927.png,X
X,928.png,X
X,929.png,X
X,930.png,X
X,931.png,X
X,932.png,X
X,933.png,X
X,934.png,X
X,935.png,X
X,936.png,X
X,937.png,X
X,938.png,X
X,939.png,X
X,940.png,X
X,941.png,X
X,942.png,X
X,943.png,X
X,944.png,X
X,945.png,X
X,946.png,X
X,947.png,X
X,948.png,X
X,949.png,X
X,950.png,X
X,951.png,X
X,952.png,X
X,953.png,X
X,954.png,X
X,955.png,X
X,956.png,X
X,957.png,X
X,958.png,X
X,959.png,X
X,960.png,X
X,961.png,X
X,962.png,X
X,963.png,X
X,964.png,X
X,965.png,X
X,966.png,X
X,967.png,X
X,968.png,X
X,969.png,X
X,970.png,X
X,971.png,X
X,972.png,X
X,973.png,X
X,974.png,X
X,975.png,X
X,976.png,X
X,977.png,X
X,978.png,X
X,979.png,X
X,980.png,X
X,981.png,X
X,982.png,X
X,983.png,X
X,984.png,X
X,985.png,X
X,986.png,X
X,987.png,X
X,988.png,X
X,989.png,X
X,990.png,X
X,991.png,X
X,992.png,X
X,993.png,X
X,994.png,X
X,995.png,X
X,996.png,X
X,997.png,X
X,998.png,X
X,999.png,X
X,1000.png,X
X,1001.png,X
X,1002.png,X
X,1003.png,X
X,1004.png,X
X,1005.png,X
X,1006.png,X
X,1007.png,X
X,1008.png,X
X,1009.png,X
X,1010.png,X
X,1011.png,X
X,1012.png,X
X,1013.png,X
X,1014.png,X
X,1015.png,X
X,1016.png,X
X,1017.png,X
X,1018.png,X
X,1019.png,X
X,1020.png,X
X,1021.png,X
X,1022.png,X
X,1023.png,X
X,1024.png,X
X,1025.png,X
X,1026.png,X
X,1027.png,X
X,1028.png,X
X,1029.png,X
X,1030.png,X
X,1031.png,X
X,1032.png,X
X,1033.png,X
X,1034.png,X
X,1035.png,X
X,1036.png,X
X,1037.png,X
X,1038.png,X
X,1039.png,X
X,1040.png,X
X,1041.png,X
X,1042.png,X
X,1043.png,X
X,1044.png,X
X,1045.png,X
X,1046.png,X
X,1047.png,X
X,1048.png,X
X,1049.png,X
X,1050.png,X
X,1051.png,X
X,1052.png,X
X,1053.png,X
X,1054.png,X
X,1055.png,X
X,1056.png,X
X,1057.png,X
X,1058.png,X
X,1059.png,X
X,1060.png,X
X,1061.png,X
X,1062.png,X
X,1063.png,X
X,1064.png,X
X,1065.png,X
X,1066.png,X
X,1067.png,X
X,1068.png,X
X,1069.png,X
X,1070.png,X
X,1071.png,X
